LotArea,YearBuilt,1stFlrSF,2ndFlrSF,FullBath,BedroomAbvGr,TotRmsAbvGrd,SalePrice
14849,1950,1422,481,1,1,9,360274
6075,1907,1492,640,3,1,9,480959
8997,1936,910,1195,1,2,9,207375
7651,1941,1088,1199,3,3,6,212255
8674,1973,1810,951,3,5,6,373419
9476,1935,1189,909,3,3,8,154456
5141,2016,1808,844,2,4,6,225432
8111,1957,972,1265,1,4,4,173510
12194,1904,1798,678,1,5,8,127107
10604,2009,1601,1100,2,1,8,216474
5894,1909,840,98,3,2,8,94177
12758,1937,904,22,3,3,5,264132
12854,1950,1375,1442,3,5,3,138712
11404,1997,431,835,1,1,8,137865
6861,1909,1210,1288,3,5,3,211430
10026,1954,1731,691,1,4,9,177841
6005,2007,1244,1090,1,4,3,246255
7713,1964,1700,205,2,2,6,368964
3477,1980,859,820,1,5,7,265857
5326,1979,1365,1466,2,2,5,76116
6543,1971,1483,12,2,3,3,479282
11898,1977,1500,1384,3,3,7,91061
2730,1979,750,273,2,2,6,352101
6501,1904,670,777,1,1,9,495674
7233,1949,1756,116,1,5,4,355666
12760,1998,1043,113,3,4,9,65768
11238,1972,1191,243,3,5,4,77378
3914,1945,1430,1440,1,1,7,108352
14015,1977,1629,105,2,1,6,141859
12324,1930,1365,1117,1,3,7,436527
11665,1951,513,853,3,3,3,135094
9111,1921,543,310,3,4,9,450095
3094,1907,434,670,1,4,9,432416
2390,1922,1221,789,3,3,7,299868
5056,1990,441,338,3,5,4,161991
14095,1957,430,1299,3,3,3,306364
2318,1975,1204,514,1,4,6,449023
9382,2012,1548,501,3,2,5,208686
12053,1966,1385,974,2,4,4,134801
5150,1983,1385,1009,3,2,7,268408
14997,2006,1386,1076,1,1,4,386440
6138,1913,1957,232,1,4,4,404500
4339,1920,718,1387,2,2,6,182440
13808,1906,1549,571,1,1,4,339784
11090,1914,1204,525,3,4,5,445135
7454,1996,1477,500,2,4,9,132938
12497,1903,1060,580,2,2,7,129735
7291,1949,970,663,2,5,6,468941
12352,1932,1905,912,1,4,9,444714
3598,1911,1744,26,3,1,5,449513
12813,1979,884,773,1,4,4,73039
6573,2007,609,703,1,2,8,296011
2427,1970,1409,1153,2,3,8,392853
9955,1937,615,1195,2,1,5,491888
7857,2007,1625,954,2,4,6,121700
3388,1929,717,1385,2,5,5,125966
2474,1965,564,411,3,5,9,84659
12993,2010,1547,871,3,4,8,364717
3427,1929,758,1197,1,4,3,82485
2652,1917,894,1414,3,4,8,68800
6565,1947,1806,826,2,1,4,449032
14844,1956,813,969,1,1,4,346242
6727,1998,1395,1468,3,3,9,496830
2048,1948,1542,306,2,5,8,163331
7731,1936,1809,740,3,1,4,334941
4018,1955,1321,255,3,3,3,404152
3646,1971,945,123,2,4,3,424957
12385,2018,1995,1024,1,3,8,161992
9334,1983,526,349,2,3,8,302806
8795,2008,425,213,2,2,7,154944
3480,1961,1850,1282,2,3,9,235879
9237,2010,1090,219,1,3,6,474578
3708,1966,1416,884,3,5,8,427195
7525,1978,1710,883,3,1,9,320831
8568,1907,1077,1202,1,5,7,411194
14399,1919,1270,93,2,3,7,394127
7642,1919,1136,1471,2,1,6,288786
6194,2004,748,1176,2,4,8,337550
11723,1983,1484,444,1,4,9,274203
9327,1952,1190,452,3,4,8,216775
7956,1980,1368,484,2,5,4,139659
11766,1962,1813,699,2,3,5,219883
9114,1982,504,54,3,2,4,395662
6379,1914,595,1467,3,1,9,379857
9811,1936,715,663,1,1,3,108688
9155,1950,1678,1484,2,4,8,215127
4188,1969,489,1493,3,4,4,129572
9105,1976,559,412,3,5,7,60008
6011,1995,1718,854,3,5,6,262219
10104,2012,1083,249,3,1,6,146007
6858,1910,1797,258,3,5,9,103719
14641,2002,1009,928,3,5,5,355426
3867,1976,1203,507,2,5,9,313941
7103,1901,1589,84,2,3,3,337913
5933,2007,1258,145,2,4,4,304363
7831,2009,1575,1268,2,5,3,269977
9460,1978,1124,1220,1,1,5,337865
2781,1984,457,488,1,1,5,469545
11986,1939,728,229,3,3,6,92243
13501,1974,490,495,1,5,8,148119
9655,1976,1961,534,2,4,7,472476
7411,1920,999,1061,1,3,6,114321
11359,1981,549,687,3,4,5,161233
9322,1943,1706,536,1,2,5,196552
12785,1900,1686,987,1,1,5,107727
14494,1912,1729,1385,1,1,8,159351
13195,1908,547,942,3,4,4,273035
10111,1910,490,178,3,3,3,144945
3383,1943,1097,1037,3,4,3,397189
3937,1905,1493,1384,3,5,9,158956
14708,1989,1088,1238,1,4,8,160119
14937,2006,1252,1343,2,1,6,265577
5629,1900,1673,1281,3,1,3,341121
11537,1930,762,0,1,2,7,130567
9307,1977,1481,28,2,5,4,487472
12082,1929,542,1192,1,4,5,354914
7624,1902,859,826,2,5,6,416901
2973,1967,708,798,1,5,4,382255
2591,1991,1670,969,1,5,9,266137
11174,1906,1105,1041,2,4,7,351836
9349,1989,421,1416,2,1,3,459805
12476,2002,1126,674,3,4,3,61998
14902,1961,1836,711,3,4,6,249239
8170,1930,1777,1177,1,5,4,330180
2703,2005,515,155,3,2,7,486915
14750,1982,1204,1289,3,4,4,306637
3449,1981,1855,760,1,2,6,231415
11480,1903,1118,1095,1,3,7,420262
14572,1951,939,364,2,5,5,225576
9245,2003,1102,514,2,1,4,247100
9225,1910,1532,1348,2,1,4,390358
9992,1933,990,1468,1,3,5,88847
12471,1940,1032,1246,2,4,7,402186
8895,2011,462,315,1,5,5,248626
5254,2014,1843,1154,1,1,7,337785
13883,1925,829,1292,2,4,9,257376
13882,1938,908,102,3,1,3,288537
6200,1999,918,860,3,1,4,233265
8282,1909,1854,822,2,1,5,294905
13375,2005,1343,1423,1,1,8,106923
3011,1905,1079,460,3,5,6,94702
4167,1981,452,687,2,5,6,375420
11562,1930,1457,121,3,1,8,367339
12641,1982,1370,1065,3,5,6,156396
2140,1911,1556,741,3,4,3,128683
2507,1930,680,1283,3,4,3,263019
5384,1978,1037,1211,3,2,4,147173
8321,1934,1321,376,3,2,9,69103
2910,2017,1755,1258,2,2,6,294158
2092,1980,1010,762,3,5,7,482506
3679,2003,1090,1302,1,5,8,301426
12655,1935,516,193,2,2,3,78638
13513,1919,1312,484,1,2,4,222042
5449,1955,701,551,2,3,9,258370
13442,2017,947,604,2,1,8,326059
4241,1979,929,671,1,3,3,483087
10651,2011,1775,667,1,1,8,343760
12177,1939,701,982,3,5,6,168160
14191,1923,643,42,1,5,7,354715
6772,1968,956,237,1,5,3,231880
6341,2003,1382,1489,2,1,3,142375
8870,1979,1472,181,2,2,6,403559
12463,1947,1808,156,1,4,4,284143
5421,1970,1930,1421,3,5,3,154975
4187,1929,1333,380,1,2,8,446737
12768,2006,1416,216,2,3,9,230199
7161,2000,1474,142,3,1,6,464406
3169,1940,1431,1332,1,2,6,415280
9751,1927,705,1309,2,1,3,400510
14420,1980,1902,1082,2,1,7,258637
8882,1908,997,1051,2,2,6,363973
5600,1918,712,503,2,3,4,178726
7430,1911,1687,1420,2,5,3,131500
4407,1922,1081,27,1,4,6,157675
8062,2002,634,1011,1,3,7,286897
2030,1937,1635,1242,2,4,9,154226
14647,1900,680,110,2,1,7,485386
8758,2015,1697,0,2,1,4,90746
4789,1960,1718,198,2,1,5,483281
7435,1987,1452,558,3,5,9,201872
3933,2014,743,1299,2,3,7,327455
4933,1984,1841,359,3,4,8,499711
3536,1925,1082,847,2,4,7,331243
6140,1963,640,556,1,3,9,383228
3567,1997,781,1252,2,1,4,415108
5567,1958,1344,750,3,1,5,399669
11584,1940,425,603,3,1,7,228968
9322,1919,822,357,1,1,8,208415
6811,1974,1446,1151,2,3,8,478458
3149,1965,1008,58,2,3,3,107318
8632,1928,1752,690,3,1,4,150071
9618,1935,860,103,2,4,8,68781
2934,1924,1358,1311,1,3,7,232956
3034,1910,400,391,1,4,7,220092
5718,2013,1926,170,1,4,4,252349
7735,2004,578,557,2,2,6,157766
13396,1935,1157,84,3,1,5,421604
2422,1945,477,265,1,2,7,315321
13910,1901,1611,666,2,1,4,84133
4009,1907,1059,1011,1,4,7,183776
7398,1985,1815,722,2,3,6,155144
14433,1997,997,1033,2,4,4,247461
12563,1976,1581,129,3,1,6,327512
9124,2002,1216,879,3,1,4,441466
5551,1982,1824,818,1,3,9,227860
12669,1966,968,16,3,4,6,421140
4860,1917,1780,1157,2,3,4,351058
13239,2008,488,222,3,5,8,62365
8008,1917,1380,484,2,2,4,498976
9920,1921,441,60,3,4,9,415829
13360,1923,579,260,3,5,8,424269
10618,1994,1265,609,3,5,7,95671
6307,1988,768,301,3,5,8,129079
13374,1941,432,1110,3,2,4,269955
9633,1908,1971,1142,2,1,6,304632
12915,1960,708,1447,3,1,6,321826
6319,1914,1195,633,2,3,5,146777
14529,1959,1119,1437,1,1,6,144614
3498,2000,1157,1403,3,1,8,203135
4169,1980,1169,1252,3,1,4,148682
2558,2013,667,139,1,5,7,109362
3956,1916,1556,1432,2,2,6,402086
9910,1958,1955,754,3,4,3,477404
13387,1997,1150,1173,3,3,4,104469
14290,1961,490,222,1,2,9,73066
6599,1921,1269,1119,3,1,9,131124
13547,1950,1560,916,3,1,9,477912
10098,1986,1362,96,3,3,6,417680
8828,1951,686,1323,2,5,9,325213
9950,1993,1639,441,3,1,3,279517
3425,1948,416,831,3,5,7,186252
6805,1997,687,5,1,5,5,412304
3317,1968,604,1291,2,2,7,369566
10046,1948,1918,983,2,1,8,344652
3939,1978,1757,76,2,1,6,475891
11612,1954,1914,286,1,4,9,425894
8238,1918,1141,169,3,2,3,388184
9979,1919,703,711,2,5,7,462332
2875,1973,1004,1326,3,1,8,243493
6458,2002,1346,1351,3,3,4,262461
6147,1954,764,58,1,5,3,378224
10866,1912,1399,1286,3,3,9,103205
12505,1989,1460,980,1,4,7,117640
11723,1951,401,100,2,1,7,142899
11151,1952,1838,1039,3,5,4,274255
7203,1997,1786,1442,3,2,4,171539
3668,1938,1124,977,1,4,4,386783
3357,2004,1235,894,3,2,6,396256
14052,1937,863,425,1,5,9,218002
7596,1941,423,444,1,5,8,353483
13549,1906,1821,331,1,4,4,306113
13865,1993,1774,705,1,2,3,164025
7512,1957,1908,1127,1,1,3,132435
5441,1961,950,729,2,1,4,187969
5088,1964,687,53,1,5,5,289842
6530,1938,622,1166,1,2,5,444727
3800,1966,1562,884,1,1,9,300795
10537,1978,1855,652,1,5,7,456898
8929,1972,1548,1472,2,4,7,481574
7790,1933,672,1089,3,4,9,447831
2061,1930,674,453,3,4,8,437605
14723,1919,1171,1351,3,2,4,157736
7836,1968,1516,43,1,2,4,148539
13399,1932,1825,143,1,3,9,384117
3108,2001,1988,400,1,5,4,378531
12759,1992,1715,873,3,4,9,134052
11671,1993,703,1163,3,4,8,327169
2984,1961,1335,687,3,2,5,333704
2053,1918,906,204,1,2,3,210827
8965,1921,1804,1135,2,4,4,340906
5587,1961,1188,267,3,1,5,481396
9756,1946,1915,1084,3,3,6,299037
4891,1978,680,668,2,3,7,282726
7077,1917,1377,1125,1,5,8,133786
8466,1969,971,4,3,4,9,201523
7561,1909,1803,280,1,2,7,426564
7280,1982,1037,1431,3,3,5,70363
13818,1986,1944,343,2,1,8,406340
14905,2007,1586,1274,3,4,6,118664
13018,1969,776,271,3,2,6,314857
12870,1911,606,1230,1,3,7,300861
3279,1978,749,508,3,2,6,255284
4669,1975,768,183,1,4,3,424736
8489,1905,1004,1369,2,2,6,192766
3585,1990,696,758,3,1,5,426774
13846,1922,1037,1312,3,2,9,372043
9127,1971,1615,1315,1,4,3,369395
8177,1958,536,1271,1,2,6,127732
13285,2017,1569,396,1,5,6,319389
3997,1955,1241,750,1,4,4,463743
9647,1949,696,740,3,4,9,289038
13629,1946,431,926,2,4,4,432421
14724,1951,1174,32,1,4,5,239063
11043,1944,607,939,2,5,7,382807
4447,1905,1537,45,2,2,5,253775
3568,2019,482,645,3,4,8,286397
9536,1929,1900,1210,3,4,6,324337
2422,1906,884,816,3,1,7,105112
13249,1971,665,236,3,4,9,202808
4650,1938,1803,1389,1,1,7,368922
6045,1974,529,624,2,4,8,168355
10239,1915,570,1477,2,2,7,445641
13819,1998,1902,638,2,2,4,190432
8927,1942,1770,972,3,4,7,457193
3332,1980,1119,62,1,5,4,206109
7147,2013,931,681,2,2,9,95159
11790,1909,1799,1152,2,5,3,152841
2700,1999,1911,345,1,2,3,131387
10940,2016,1537,573,1,5,8,444425
8830,1968,1321,854,1,5,8,354112
2194,1941,1889,786,1,5,9,112358
12159,1944,1381,847,1,3,3,440056
14106,1936,511,14,2,1,5,166278
13970,1910,1818,1006,2,3,6,229892
6852,2000,1182,386,3,5,9,399960
8621,1931,1717,965,3,5,4,84070
8934,2008,1925,384,2,5,7,75735
13825,1982,1835,1056,2,1,9,395171
8308,1980,1756,649,3,5,4,296673
14261,1950,882,516,2,1,5,200038
7931,1913,497,857,1,1,7,248310
2512,1970,1250,757,3,1,8,336057
6154,1901,626,843,2,1,6,207518
4187,1950,934,1497,1,4,5,324921
14497,1928,1391,1343,3,3,8,346086
7385,1936,1333,932,2,5,9,382073
11587,1931,1219,586,1,1,3,215043
2781,1921,1262,1497,3,1,4,359503
8339,1992,817,46,3,1,6,273733
4001,1947,1329,191,2,2,6,227533
11528,1977,456,679,2,3,7,407108
3718,1994,1233,1186,3,5,9,292695
9809,1928,1713,991,3,2,3,325383
12591,1923,1366,1300,3,3,8,292684
5875,1909,792,1052,1,4,8,91376
14250,1952,1140,12,3,5,5,449165
9908,1945,681,722,1,4,9,246588
2127,1966,634,1088,3,2,9,491427
14459,1980,505,787,1,3,9,455733
14444,1971,677,1105,1,5,9,275288
8765,1934,1399,639,3,1,8,127365
4607,1958,1511,601,2,4,3,96817
4063,1916,603,1078,3,3,6,345054
6379,1984,1526,371,2,4,9,147081
11115,1965,1181,561,3,1,3,381080
7672,1975,1810,148,3,5,4,453017
2107,1930,1649,407,2,3,4,117407
3005,1948,1201,391,2,5,7,89877
13078,1931,1133,573,3,1,6,94591
6779,1983,1059,239,2,1,6,272019
14978,1917,1545,634,2,1,4,183506
10700,1991,1968,884,2,2,3,321335
14482,1968,1621,116,1,4,4,396562
9417,2010,1253,730,2,4,6,351058
4245,1940,410,556,1,4,4,125535
7963,1915,1376,1238,3,2,9,338200
4869,1923,563,899,2,5,8,211702
7819,1916,1042,966,3,3,6,157548
2481,1910,988,773,3,3,3,484335
2653,1960,744,908,1,4,9,269447
5321,1938,1537,1019,1,1,9,419474
11291,1969,917,961,1,2,3,459495
13421,1960,1373,762,1,5,8,211724
4597,1901,1550,447,2,3,5,135893
12773,1922,894,726,2,2,6,431171
8630,1970,481,394,1,5,4,481228
13530,1935,1293,1323,3,2,6,311865
12031,1923,778,167,3,2,5,240158
5446,1954,1688,478,3,1,7,209137
2084,2017,809,941,1,2,4,352682
10533,1982,634,455,1,5,3,322020
14302,1923,1225,1209,3,4,4,381548
6806,1925,955,1220,2,1,6,423425
9791,2008,1197,1393,1,1,9,312140
13594,1978,417,1208,2,3,4,338384
4123,2000,1290,440,2,2,3,261585
14318,1967,1472,1385,2,2,8,187015
5158,1920,1823,887,1,1,6,187159
5469,1945,1272,526,2,2,7,499245
4878,1962,1691,577,3,4,9,380475
12345,1931,1309,28,3,1,5,286999
4965,1927,535,1113,1,5,6,202211
3093,2008,529,1164,2,4,5,83817
9608,1902,1834,999,1,4,7,365634
7123,1981,1891,882,3,2,3,193552
4308,1959,901,380,3,5,5,406910
4540,1922,1972,336,1,4,7,236294
4915,1955,1617,193,1,3,9,113878
14306,1982,933,1150,2,4,6,293406
3699,1965,1900,1072,3,5,9,349249
9676,1965,561,1162,3,3,4,86197
7018,1996,1235,1341,3,2,7,218869
13701,2009,1227,641,2,1,3,421230
8076,1941,1854,957,3,1,5,477958
2147,1929,999,1362,3,2,8,326856
2871,1975,1148,1316,1,3,6,399153
8804,1919,885,465,1,3,8,189100
9204,1976,1706,791,2,3,9,274510
3670,1993,825,954,3,2,6,373843
13790,1976,844,220,1,3,9,328713
2188,2002,547,1137,2,3,3,195321
5726,1915,970,749,2,3,3,498226
8664,1903,1857,76,1,5,8,294829
3101,1925,572,467,1,5,4,144365
10273,1997,1342,714,3,3,5,141785
11486,1919,1153,9,2,2,6,455338
14696,1956,1265,997,1,3,9,451296
4747,2019,766,628,3,4,9,312695
13563,1951,669,973,1,4,8,432325
14823,1959,1310,1186,3,1,4,102727
14248,1916,484,121,3,5,6,441457
7849,1943,1438,48,2,3,7,448578
11663,1987,1022,755,3,1,4,349228
10574,1910,1511,346,2,2,6,338923
13163,1994,1601,144,3,1,4,100338
11949,1994,1529,465,1,4,4,384847
7456,1919,1307,1083,1,4,4,135247
13222,1914,1405,244,1,4,4,148810
11797,1971,534,797,1,1,5,375518
7294,2011,837,1481,3,3,5,229392
13250,1962,1490,28,3,5,4,407146
10192,1927,1230,807,1,5,4,477754
7723,1908,837,586,2,3,6,430931
7042,1979,1032,1454,2,1,7,462409
13222,1943,1764,1434,2,1,9,363521
9491,1911,1285,1124,2,2,3,295158
12275,2012,1803,392,1,4,6,102146
7986,1970,552,179,2,2,5,151275
3998,1912,731,813,3,5,4,482262
11691,1972,1253,1060,1,1,3,393647
6206,1960,1190,224,3,3,5,252160
14306,1993,1950,44,1,4,6,419691
13370,1984,1039,387,1,1,4,76464
8169,2015,1369,30,1,1,7,422133
3211,1977,1573,922,2,3,6,439145
10293,1962,1134,1347,2,5,6,292164
11047,1968,1133,899,3,5,7,75573
2279,2012,1868,34,2,2,8,117805
5010,1952,1720,1040,2,5,6,255067
9745,1966,767,965,3,5,4,114340
6688,1964,744,675,1,5,3,409307
6659,2016,429,93,2,4,5,372558
8257,1956,1967,909,2,1,9,306567
5223,1989,1371,575,3,1,7,496688
9362,1917,404,1025,1,1,7,209598
9201,1931,1637,746,1,2,7,356928
9950,1906,639,422,3,2,7,367297
3961,1907,1998,1481,3,2,6,314361
8533,1968,1854,1269,3,4,9,351316
14470,1912,400,998,3,5,8,398876
7501,1918,913,831,2,2,6,443107
6455,1987,487,300,3,3,5,158748
10525,1979,1902,324,1,5,5,467092
3884,1917,1489,1077,1,4,5,461459
13343,1961,973,1035,1,3,7,84159
13549,1972,1837,1411,1,1,5,372604
8773,1946,1210,267,3,4,7,225443
5430,1926,992,115,1,2,9,493053
14253,1943,1860,1036,2,1,7,244922
11558,2008,1723,598,3,3,7,180221
9792,1910,1759,564,2,4,6,453209
8554,1915,1772,742,1,2,6,485664
14358,1988,1684,659,3,5,9,382827
8617,2007,1204,577,2,2,5,199024
5224,1971,759,1201,2,2,5,326635
3752,1979,1212,1141,1,5,6,138342
4458,1911,874,509,2,4,3,110467
6404,1948,719,293,2,2,9,104516
5988,1900,979,1347,1,1,4,94931
14322,1995,1017,786,1,5,3,418520
7054,1935,1981,26,1,1,3,245655
12492,1998,1520,577,2,4,9,289076
8642,1968,524,496,2,5,7,491438
9117,1954,526,1387,3,4,6,273820
11627,2001,632,1006,3,3,9,453974
13666,1999,1754,1290,3,2,8,371067
13225,1956,508,1327,2,2,5,288739
4033,1978,929,1143,2,4,4,308167
9664,2017,959,1036,2,1,7,430948
5357,1957,1090,501,3,3,7,451868
14428,1992,450,1162,3,3,7,135821
6947,1997,1479,1208,2,3,3,435187
7311,1947,933,590,1,2,3,217503
6261,1985,1005,361,1,5,4,360192
9823,1980,897,772,3,4,4,117825
4315,1954,1277,1376,2,2,7,316802
13417,1987,630,1245,3,2,6,102207
4384,1935,1315,1356,1,2,6,250308
14522,1912,1321,717,3,3,6,191219
13571,1936,1700,849,3,3,7,329526
8710,1949,603,1060,2,1,5,303903
11475,1989,767,1153,2,4,4,170020
10835,1965,978,1147,3,2,9,476350
2664,1992,1143,582,3,5,5,435107
3497,2018,1329,33,3,2,9,101116
2214,2011,776,1355,3,1,3,144486
10959,2002,1950,1384,2,4,8,367121
14515,1920,1803,1139,2,3,4,83171
13526,2018,428,1472,1,3,7,311618
3622,2014,1756,395,2,5,7,216443
14390,1945,1699,1103,2,2,3,89631
2264,1952,1637,530,2,5,6,77893
6728,1978,950,479,1,4,6,435414
3730,1917,501,857,2,1,5,250043
4769,1958,1927,1192,3,2,3,171653
3671,1922,1358,366,1,5,9,370596
8317,1976,1037,300,1,1,8,117278
13190,1969,503,287,1,4,6,261514
7659,1989,772,228,1,2,9,349708
5126,1936,1434,405,2,4,8,403972
9036,1943,1906,532,1,5,3,498547
9988,1914,811,672,2,1,8,320091
2558,1949,1145,779,1,3,3,117474
12312,1932,938,1203,3,2,3,91706
5370,1998,471,615,1,1,7,70382
13342,1905,1821,433,1,4,5,183038
8166,1905,1220,1411,1,3,6,333077
3521,2000,1746,362,1,5,9,352217
9891,2002,1179,1112,3,1,4,384338
14736,1974,1367,767,1,3,9,399782
7622,1948,1309,1093,2,4,9,134020
2679,2005,605,1349,3,3,5,292640
9666,1960,995,136,2,5,6,350360
7949,1900,775,208,3,5,9,354147
14241,1912,1830,860,2,1,8,365706
8401,2015,1491,478,1,5,6,283664
4907,1937,1100,247,1,1,9,215108
9959,2016,1166,941,1,2,3,282060
12617,1923,917,918,3,4,7,214294
9048,1965,690,1004,2,4,5,481160
7213,1938,483,904,1,3,4,327858
14095,1973,1202,460,3,3,3,211387
12297,1989,570,736,3,2,4,401430
6377,1937,1470,415,1,1,9,139907
6727,1923,679,789,3,5,3,290375
5830,2004,712,9,3,1,9,99042
9472,1998,934,1125,2,5,5,289848
9428,1981,1642,1028,1,5,5,400488
14597,1989,848,556,2,1,4,61726
8634,2006,1825,620,2,2,6,453333
13936,1998,1909,1071,3,1,8,276065
6713,1954,1328,1073,2,3,6,161092
5894,1925,1882,1052,2,4,8,136296
8261,2015,601,713,1,4,6,183043
5309,1924,1761,560,1,4,4,307836
11604,1977,888,1150,2,1,7,418591
2513,2002,854,1420,1,4,8,236120
12617,1964,1060,583,2,5,5,376662
7026,1997,1169,529,1,2,6,473773
11526,1955,445,1023,3,1,8,208551
3942,1941,505,1154,3,4,9,241414
5489,1991,942,671,1,5,8,371729
6469,1909,568,206,3,2,7,290410
9705,2009,892,1252,1,1,8,479565
13770,1997,1477,355,3,5,8,216676
12345,1982,400,715,1,2,8,108472
14820,1993,831,1056,1,5,9,301720
4634,1981,895,899,3,5,3,131770
13347,1974,1605,569,1,4,9,181959
3170,1962,1113,513,3,2,8,492554
2410,1932,733,883,3,2,8,459693
9469,1995,1956,364,2,3,9,193590
6521,1903,1433,863,3,1,3,301402
8550,2005,797,570,1,2,4,265279
8687,1921,1851,95,1,5,3,263623
6272,1987,523,894,1,3,9,291833
9249,1931,1619,1235,1,1,8,242400
5540,1926,1730,1443,3,4,4,474974
8501,1981,1211,1263,1,5,8,249814
7282,1985,803,840,1,3,6,137963
6428,1995,996,124,1,3,8,341134
5460,1934,1092,159,1,3,5,442969
11296,1931,872,52,1,2,3,287371
10669,1991,1174,53,3,5,8,108112
7661,1958,1242,273,2,4,5,228844
4048,1956,1035,468,2,5,6,459238
6896,1971,1509,1120,3,1,4,308825
14887,1971,1754,324,3,1,6,344151
10307,1921,1231,920,3,4,4,166808
8463,1939,1363,723,1,4,4,179986
3324,1979,1852,747,2,1,9,311973
3348,2018,1266,1024,2,3,8,158700
3883,2005,650,1323,3,5,9,220560
9099,1998,1247,224,3,5,6,461659
8920,1981,1219,856,1,2,3,115642
14122,1984,1241,323,1,4,7,74212
5524,2013,1060,670,3,3,9,282005
6509,1990,1045,236,3,2,4,122240
5436,1934,1135,141,1,2,4,173523
14098,1986,1211,933,2,4,7,62827
14719,1937,1371,131,1,5,7,350196
5148,1975,501,1012,3,3,6,97084
9444,2012,1814,1207,1,1,9,327422
4090,1902,706,458,2,4,6,480964
11647,1925,405,583,1,1,5,222349
8970,1920,1278,498,1,1,9,479283
12353,1988,943,564,2,1,8,415803
9310,2009,1292,443,2,3,7,167278
5227,1972,1143,984,2,5,9,398746
7764,1914,1856,39,3,3,8,337247
7761,1988,865,1038,3,4,4,195426
11891,1929,1578,1133,1,1,4,148561
12729,1998,503,239,2,1,9,456295
4311,1954,1048,882,2,5,7,293022
10800,2008,1921,1445,2,3,7,149561
4128,1903,626,102,2,5,5,455059
12504,1942,1795,568,3,4,6,288332
8423,1927,646,1063,2,3,5,466604
4744,2018,1384,247,1,3,7,400117
10831,1985,1557,366,3,4,4,207998
6876,1996,1908,212,3,4,4,298621
4585,1962,660,96,2,2,6,435879
14854,1908,1876,352,1,2,8,414899
3378,1932,1595,687,1,2,5,420064
2032,1945,569,290,2,4,9,462487
4150,1963,1683,842,2,3,5,390543
13471,2017,1354,546,2,2,7,140992
12394,1924,854,803,3,1,9,461079
2776,1984,1244,1491,3,5,8,463205
8818,1974,1605,1177,3,3,7,292200
6984,1973,1423,378,1,3,9,303170
11270,1993,1485,238,1,1,8,221800
11143,2012,936,419,2,2,9,378116
3093,2005,1048,999,3,4,8,267619
4142,1929,1706,483,1,2,3,443014
14323,1911,405,1264,2,5,8,472640
10727,1924,1923,1144,2,4,9,306710
7212,1971,1080,564,2,2,9,380077
3502,1975,735,181,2,5,9,220377
2626,1951,1091,574,1,4,5,107440
10018,1984,690,808,1,4,7,263073
11783,1942,470,1044,2,1,7,156962
5312,2017,1564,1324,1,2,3,115684
4613,1951,1671,251,2,5,4,335619
14629,1972,606,281,3,5,7,492238
6946,1962,1637,1462,1,4,6,131138
10927,1960,1043,84,2,4,4,495484
10848,1920,1214,403,1,3,7,371520
3700,1975,908,794,2,4,3,335314
7399,1951,1115,1238,2,2,4,279719
8498,1986,731,139,3,3,9,122086
8138,1973,854,710,2,3,4,460218
10709,1970,1280,234,1,2,3,156507
12394,1976,1026,881,2,1,3,222742
4416,1910,1751,1423,2,1,3,139623
9017,1957,1754,1411,1,2,6,237359
13804,1948,1709,423,1,1,8,242057
13643,1970,974,707,1,3,5,177887
12497,2011,793,212,3,3,4,224915
5860,1999,453,1190,2,4,8,68063
13844,1950,866,495,3,1,8,302487
11568,1916,856,390,1,3,7,370209
4261,1988,1550,1382,1,3,9,308864
11684,1965,518,992,3,3,7,92503
10236,1973,1904,717,2,1,7,473860
9771,1991,1544,112,1,4,8,257770
4849,1950,1272,1024,1,2,5,153390
9003,2011,1712,1269,3,5,5,328515
3669,1929,1271,402,3,2,9,257358
11068,1985,1868,494,2,5,4,219484
13582,2018,465,1135,2,2,8,112831
12257,2005,675,2,1,2,7,267800
12089,1965,1763,310,2,5,6,495575
10150,1945,596,1449,2,2,9,347731
11647,1993,1624,57,2,1,4,471913
2044,1970,1977,508,1,3,6,311728
4851,1964,1575,92,1,5,5,399691
5985,1951,839,754,2,5,3,373657
6775,1919,688,41,2,1,3,87606
14620,1940,627,1255,2,4,9,401673
11959,1938,473,84,3,1,7,175567
7379,1911,1320,960,1,2,5,79530
5979,1950,1197,141,1,5,5,229955
10751,1972,1594,223,2,3,5,452438
12440,1985,637,927,2,5,4,436326
10040,1940,543,603,1,5,3,418840
3093,1974,1883,1225,3,4,3,97090
13863,1972,937,694,3,3,4,194208
8594,1951,1037,1093,1,3,6,330726
4225,1970,1016,557,1,3,4,80499
13949,1949,1416,769,3,4,3,480718
14516,1931,1202,1318,1,2,6,373142
2235,1991,627,1044,3,5,8,62675
13251,1921,1974,695,2,2,4,76926
2511,1927,632,445,2,3,6,235601
2353,2013,1629,1008,2,1,9,105640
2873,1911,1260,435,2,4,4,108374
12860,1995,1147,522,3,5,6,129601
2998,1912,1587,1347,3,3,8,384162
6388,1914,934,189,3,2,7,301041
10009,1906,853,461,3,4,5,89671
13566,2015,567,109,2,2,4,203869
9901,1922,1352,1030,2,1,5,271996
4202,1915,1456,1142,1,5,4,420181
2824,1927,467,962,1,2,4,244173
3969,2016,832,1368,3,2,5,399020
11997,1991,1278,1143,2,1,4,164862
6335,1977,1187,179,2,2,9,355928
12722,2007,659,1493,1,1,3,86034
5870,1973,1700,1153,2,1,3,243430
11095,1904,865,616,1,4,6,189721
4138,1931,1747,569,3,3,6,299790
11943,1973,1720,396,3,3,5,263395
7768,1948,1412,1018,2,2,4,363069
4678,2019,1256,506,3,1,3,381909
14454,1984,1025,300,3,4,5,284736
13441,2015,1640,1263,3,1,7,441525
9757,1966,651,871,2,1,3,443673
4830,1951,1712,765,1,2,5,277445
11622,1975,909,1367,2,3,3,482832
7122,2017,1483,180,2,2,9,134769
3665,1975,1490,620,3,2,9,329459
10585,1935,1133,1073,1,4,9,227096
2518,1927,1189,997,1,5,7,461568
5573,1928,1205,1497,1,4,9,124448
8038,1980,1016,1429,2,1,5,250176
14104,1952,824,483,2,3,8,131189
7153,1921,605,1331,1,2,7,493925
5183,1945,1618,931,1,2,4,452248
10394,1926,639,551,2,1,4,77374
3289,2005,1509,1387,1,1,9,444754
11717,2010,1364,1179,3,4,9,224785
4809,1925,1423,321,1,2,4,176467
5536,1929,990,299,3,2,9,201861
11257,1947,1361,685,1,5,4,213995
14099,1971,1163,196,1,5,7,178326
13762,2012,619,67,1,5,4,196626
3618,1914,581,1471,2,2,4,384417
5074,1913,1586,774,3,3,4,339817
3077,1947,1235,172,2,4,7,224296
4496,1975,1189,992,3,4,9,183583
12307,1916,849,283,2,3,9,91570
13019,1944,721,982,1,1,5,409601
4853,2009,1280,1113,3,2,9,376226
7547,1969,1206,568,2,3,6,312340
13166,2013,1953,834,2,3,5,305017
7648,2016,846,1227,2,5,8,413645
5502,1959,1104,133,1,5,5,342077
2715,1928,1324,1339,1,2,8,416609
14535,1953,469,302,3,2,9,75022
2319,1957,1880,636,1,3,5,172059
3635,1996,725,1329,2,4,9,97250
9017,1921,1533,1176,2,3,9,145028
3146,1950,1925,1249,3,1,6,95766
2141,1961,412,185,3,5,7,108319
7940,1923,1132,1086,3,5,8,157801
12834,1947,1521,170,1,3,3,96410
12922,1929,1836,1175,1,4,4,184142
6785,1988,1388,614,2,1,6,388903
6957,2016,669,940,3,5,7,444737
8401,1993,1534,330,2,3,3,377737
10897,1955,1622,956,1,3,5,358641
2240,2016,1459,420,1,1,6,442640
9303,2017,1864,316,1,2,5,220799
13412,1904,1273,753,2,1,8,69736
10910,1997,1325,1499,3,3,9,286253
8354,1990,623,323,1,1,5,266986
9345,1912,1979,272,1,1,7,297908
3050,1950,842,634,1,4,9,461530
12731,1978,693,96,3,1,5,362019
6168,1984,1945,803,2,2,9,171088
6678,1904,992,565,2,1,5,370943
5077,1951,1486,889,1,3,5,338316
2962,1988,522,715,2,4,6,352117
8996,1938,1829,581,2,4,9,260924
13179,1907,1315,322,2,1,7,377016
9070,1987,517,457,1,4,3,292782
9435,1997,1954,229,1,5,3,229981
8055,1993,861,515,1,4,5,398497
4773,2002,1993,1317,3,1,9,225037
4044,1960,1777,411,2,2,3,358389
14187,1936,1683,752,1,5,8,158408
14009,2003,1866,788,3,4,5,85922
2826,1964,1273,450,1,5,5,155062
11754,1960,613,928,1,2,5,464481
2248,1906,1697,696,1,1,7,133730
10453,1928,616,1120,1,4,5,323306
12533,1922,865,1287,2,2,3,67412
10518,1933,1599,39,3,4,6,475504
8559,1916,1488,566,1,5,3,63586
5646,1937,1010,777,3,4,4,308620
2447,1999,991,553,3,4,3,320087
13003,1995,1973,1015,3,2,7,86258
7279,1910,1231,983,3,2,5,61842
9665,1972,502,108,2,2,9,159624
7027,1913,1012,598,1,3,3,135574
14604,1958,1380,100,1,1,7,351919
3592,2018,1421,1411,2,2,8,457970
7105,1917,794,986,1,5,5,82984
11122,2013,745,1185,2,1,7,69449
10546,1969,1324,288,1,1,6,313108
12139,1951,843,1464,1,3,3,182893
14460,1949,607,1384,2,4,8,480433
5124,1956,1006,158,3,2,7,339534
2605,1940,1614,1199,3,4,8,360188
2757,1985,1395,829,2,5,3,182049
13443,1975,1868,768,1,2,3,399464
5682,1966,1215,348,1,4,3,268822
8482,1907,922,185,1,2,6,443559
14467,1992,1002,1334,2,2,5,329771
9050,1995,994,504,3,2,3,201353
5974,1970,779,535,3,5,4,175165
8438,1962,1962,58,2,2,5,237402
10191,1902,460,67,3,3,7,454667
4576,1909,1636,954,1,2,6,225361
4371,1933,664,397,1,2,3,375927
13663,2010,1378,595,3,1,5,475529
9960,1970,1383,757,3,3,6,238028
11480,1980,1018,167,3,3,5,295623
11151,1916,1795,77,3,2,8,214507
7396,1972,1107,721,1,2,7,445563
8246,1974,723,418,2,4,4,408627
13382,1914,1512,95,3,5,6,89478
7998,1999,1309,631,3,2,9,194083
10001,1926,1588,576,1,4,9,371555
9860,2017,903,962,2,2,9,257489
14784,1952,630,204,3,3,4,391262
10982,1938,766,78,2,2,8,259375
5507,2018,1012,561,3,4,4,166952
12175,1974,1013,76,3,5,8,463949
2482,1997,870,1479,2,4,4,286135
14031,1927,1841,672,1,2,6,275683
9475,1927,1121,1143,2,4,7,135123
3462,1943,1958,946,3,3,4,299037
7185,1995,1365,269,2,3,4,380627
8303,1964,806,359,1,5,6,186942
7707,1903,1080,978,3,2,6,404637
5928,1922,1910,906,3,1,7,95320
7061,1901,1571,56,3,2,8,469012
13271,2006,1739,1007,3,4,4,470628
10110,2017,1260,142,1,5,9,374145
5793,1972,963,917,2,3,6,294391
12124,2016,1524,1222,3,1,9,403474
13290,1953,1400,1270,2,2,6,372197
14843,1968,481,703,2,3,7,424040
2235,1999,1794,399,1,4,7,400111
8176,1917,1454,869,3,3,4,372846
8130,1994,870,466,1,5,8,213314
12464,1979,1874,699,3,1,9,336017
9607,1966,1376,30,3,1,7,374700
12141,1915,1847,1171,3,4,3,213451
11408,2019,492,1392,1,1,9,364479
5160,1914,1481,550,1,4,7,65154
6504,1958,1985,804,2,5,7,305998
12800,1982,1626,1300,2,3,6,152946
2401,1903,1216,1465,3,4,8,257862
4703,1977,1906,1032,1,3,8,415631
3684,2010,807,1388,1,1,6,199800
12167,1989,1020,849,2,3,5,441071
11148,1985,524,575,2,1,4,393679
11143,1936,1989,716,1,3,6,489178
10413,1964,1445,1024,2,2,4,355987
5092,2000,1953,953,1,3,8,380921
6600,2010,674,334,1,3,7,393731
8368,1932,1423,1,3,5,4,429742
8293,1961,828,1282,1,2,8,84451
13528,1995,1627,176,1,3,9,387043
13289,2007,482,113,2,2,4,130254
4212,1925,816,1486,2,4,9,487246
14529,1922,948,968,1,5,5,159269
13339,1941,1815,775,1,2,6,403477
6884,1976,1960,1093,1,1,5,493810
5562,2013,1396,1194,2,3,3,406443
10573,2007,814,1213,3,4,9,421364
2551,1953,668,750,1,1,9,138533
8319,1961,1814,617,3,2,3,398134
12000,1904,1611,839,1,4,3,337965
4125,1999,684,647,2,4,9,283758
10633,1961,532,503,2,4,6,153891
13104,1996,1087,488,1,3,3,498494
7368,1976,586,606,3,1,8,220107
8677,2006,637,477,1,1,3,229356
5607,1983,713,756,1,2,7,286759
5487,1948,1149,688,2,1,5,91639
10702,1995,1493,659,1,4,8,350656
10573,1954,1046,1127,3,2,7,344364
12910,1989,423,1350,2,1,6,496822
8239,2008,1779,1019,1,4,3,150588
11700,1928,1114,589,3,2,9,388745
11429,1998,817,909,2,2,6,293066
12672,1924,1172,1304,2,4,9,221172
9692,1973,1421,1115,1,4,3,496967
14764,2012,1204,799,1,4,3,354521
2816,2007,864,899,3,2,5,149366
9129,1903,1656,564,2,2,6,324425
7980,1907,527,93,1,2,6,357622
4591,1904,1721,224,1,1,3,181721
10316,1946,1155,1374,2,2,9,136222
3262,1949,600,1280,1,3,7,108359
13973,1931,886,682,3,4,3,82342
11346,1922,1551,673,2,4,4,373407
8281,1972,1430,708,3,4,8,307596
5794,1927,1949,80,1,3,5,389812
8176,1931,1816,1248,2,1,3,300530
2454,2001,971,529,2,4,4,477309
8818,2008,1747,148,3,4,7,482601
5605,1979,987,45,2,4,4,488373
13913,1949,1058,1077,3,1,8,238738
7136,1971,1068,974,1,2,4,294680
8376,1933,534,802,3,2,5,148481
12516,1970,1696,11,3,4,5,220451
14319,1906,633,191,2,3,5,212679
14779,1979,1149,1270,2,3,4,384039
3714,1957,1152,1440,1,4,8,437523
3000,1948,1769,222,3,2,4,138103
4861,1971,521,910,2,3,7,288394
7472,1969,1338,1366,2,1,6,314360
5330,1951,1120,478,1,2,3,61624
10575,1954,1763,986,1,5,4,93746
12347,1927,1488,364,1,4,7,108011
6450,1991,1083,1108,2,2,6,144158
14181,2015,831,561,1,4,9,473475
5555,1982,671,450,2,3,8,329885
12654,2017,1974,87,1,2,4,371205
11339,1951,436,743,2,1,4,376843
3563,1980,1089,1245,2,4,6,320754
14894,1972,1161,969,2,3,8,291582
10440,1942,1953,158,1,4,9,462757
12210,1908,1857,30,1,3,7,155326
14831,1942,649,1328,1,1,7,124833
4423,2019,738,1375,2,3,3,281756
4808,1997,1109,601,2,5,4,143352
9699,1982,1784,645,3,4,5,485253
13457,1939,861,338,3,4,3,312867
10860,1913,690,1249,2,5,7,153367
5399,1998,1075,1080,3,1,3,417259
8456,1908,834,1468,2,2,3,271680
11025,1945,1966,504,2,4,9,243003
10477,1925,1123,89,3,5,6,420586
6357,1991,781,1254,1,1,8,491139
12966,1937,593,724,1,3,9,228464
7549,1957,761,113,1,5,6,391317
11784,1953,441,207,1,1,6,218937
12852,2010,1041,1316,1,4,8,208355
3822,1968,542,1095,1,3,7,222494
10640,1993,481,1111,1,4,4,120419
13958,1956,1233,1139,3,5,9,402652
14308,1952,1999,487,2,3,4,250579
12077,1947,1593,678,3,2,3,177657
14037,1942,1448,1115,3,5,6,422951
14207,1979,1332,1155,3,4,5,313765
6681,2008,1254,1041,2,3,7,462772
10177,2002,1600,1226,1,4,3,266207
8636,1966,805,598,3,2,9,419119
14589,1951,1989,792,2,3,3,72106
11442,1926,591,158,1,2,9,388234
6200,1935,1874,513,3,4,7,352523
5221,2007,1383,1149,2,5,5,323803
12111,2003,982,1315,2,5,3,374725
7625,1944,1036,1038,3,1,7,143633
11364,1999,1648,1147,3,1,4,100180
10661,1993,1921,52,3,4,7,177196
2003,1985,988,75,3,2,5,93166
6385,1937,1239,1011,3,5,5,224053
14284,1938,1412,440,3,2,7,385257
12465,1979,1953,903,1,5,8,411843
11999,1953,1346,1058,2,1,4,428052
8481,1919,1647,1257,1,5,7,412042
3783,1946,1484,186,1,4,4,188166
12439,1939,523,157,1,4,6,186516
11884,1933,514,1148,3,5,5,271044
6954,1965,1053,529,3,5,3,300404
3631,2019,552,1010,2,3,6,396986
7672,1941,725,104,2,4,3,311943
10569,1940,1796,901,3,3,5,313561
10313,1920,1541,1427,1,3,9,70080
9483,1977,1648,242,2,1,5,408133
6100,2012,1021,485,2,2,9,120914
5688,1927,593,518,3,1,7,331090
8620,1906,441,562,3,2,8,110113
3494,1966,1388,779,3,5,4,391514
2737,1930,1049,1336,2,3,8,397295
9902,1945,506,1374,2,1,7,191243
14232,1952,1120,1427,1,4,8,122316
11806,1921,705,452,3,3,8,480725
12586,1900,1831,278,3,5,7,442275
10249,1958,1477,1157,1,4,9,497769
10852,1916,1378,1133,2,5,5,358704
9162,1982,983,92,2,5,3,457598
11747,2007,856,1081,1,1,3,497250
4090,1923,874,355,2,1,9,222136
11761,2019,1154,525,1,4,5,83062
10570,1993,757,1336,2,2,3,149767
13735,2007,1828,904,3,1,5,405237
2605,2001,569,177,2,3,8,99470
9208,1974,1629,394,3,2,5,247053
8387,1941,1353,1375,1,1,5,121547
9105,1930,1721,682,2,5,8,111077
10134,1973,437,722,2,5,6,148367
3866,2012,944,1268,3,5,5,315522
12280,1914,1972,99,2,1,9,293083
8908,1932,1592,1448,3,3,8,351689
12025,1924,897,1067,1,5,6,275904
12440,1911,749,20,3,3,9,270280
8355,1989,1819,1275,2,2,7,163006
12563,2010,636,343,3,4,6,291244
10250,1937,1003,574,2,5,9,167361
9377,1989,1875,125,2,1,4,425129
4125,1970,1343,1188,1,4,9,186538
6725,1949,789,637,3,3,7,251074
